CObject,,,,,
,CDC,,,,
,,CCLientDC,,,
,,CPaintDC,,,
,CException,,,,
,,CFileException,,,
,CFile,,,,
,CGdiObject,,,,
,,CBitmap,,,
,,CBrush,,,
,,CFont,,,
,,CPen,,,
,CMenu,,,,
,CObArray,,,,
,CCmdTarget,,,,
,,CDocItem,,,
,,,COleClientItem,,
,,,CServerClientItem,,
,,CDocTemplate,,,
,,,CMultiDocTemplate,,
,,,CSingleDocTemplate,,
,,CDocument,,,
,,,COleDocument,,
,,,,COleLinkDoc,
,,,,,COleServerDoc
,,COleObjectFactory,,,
,,,COleTemplateServer,,
,,CWinThread,,,
,,,CWinApp,,
,,CWnd,,,
,,,CControlBar,,
,,,,CDialogBar,
,,,,COleResizeBar,
,,,,CStatusBar,
,,,,CToolBar,
,,,CDialog,,
,,,,CCommonDialog,
,,,,,CColorDialog
,,,,,CFontDialog
,,,,CPropertyPage,
,,,CEdit,,
,,,CFrameWnd,,
,,,,CMFDIChildWnd,
,,,,CMDIFrameWnd,
,,,,COleIPFrameWnd,
,,,CPropertSheet,,
,,,CSplitterWnd,,
,,,CView,,
,,,,CCtlView,
,,,,,CEditView
,,,,CScrollView,
,,,,,CFormView
CArchive,,,,,
CCmdUI,,,,,
CPrintInfo,,,,,
CRuntimeClass,,,,,
CPoint,,,,,
CRect,,,,,
CSize,,,,,
CString,,,,,
